{
	"info": {
		"_postman_id": "6b2286b0-2c27-44a0-aa78-4d54be8e5545",
		"name": "ASP.NET Core API",
		"schema": "https://schema.getpostman.com/json/collection/v2.1.0/collection.json"
	},
	"item": [
		{
			"name": "GET Cities",
			"request": {
				"method": "GET",
				"header": [],
				"url": {
					"raw": "http://localhost:1028/api/cities",
					"protocol": "http",
					"host": [
						"localhost"
					],
					"port": "1028",
					"path": [
						"api",
						"cities"
					]
				}
			},
			"response": []
		},
		{
			"name": "GET City",
			"request": {
				"method": "GET",
				"header": [],
				"url": {
					"raw": "http://localhost:1028/api/cities/1",
					"protocol": "http",
					"host": [
						"localhost"
					],
					"port": "1028",
					"path": [
						"api",
						"cities",
						"1"
					]
				}
			},
			"response": []
		},
		{
			"name": "GET Points of Interest",
			"request": {
				"method": "GET",
				"header": [],
				"url": {
					"raw": "http://localhost:1028/api/cities/1/pointsofinterest",
					"protocol": "http",
					"host": [
						"localhost"
					],
					"port": "1028",
					"path": [
						"api",
						"cities",
						"1",
						"pointsofinterest"
					]
				}
			},
			"response": []
		},
		{
			"name": "GET Points of Interest (unexisting City)",
			"request": {
				"method": "GET",
				"header": [],
				"url": {
					"raw": "http://localhost:1028/api/cities/4/pointsofinterest",
					"protocol": "http",
					"host": [
						"localhost"
					],
					"port": "1028",
					"path": [
						"api",
						"cities",
						"4",
						"pointsofinterest"
					]
				},
				"description": "Should return 404 NotFound"
			},
			"response": []
		},
		{
			"name": "GET Point of Interest",
			"request": {
				"method": "GET",
				"header": [],
				"url": {
					"raw": "http://localhost:1028/api/cities/1/pointsofinterest/1",
					"protocol": "http",
					"host": [
						"localhost"
					],
					"port": "1028",
					"path": [
						"api",
						"cities",
						"1",
						"pointsofinterest",
						"1"
					]
				}
			},
			"response": []
		},
		{
			"name": "GET Point of Interest (unexisting City)",
			"request": {
				"method": "GET",
				"header": [],
				"url": {
					"raw": "http://localhost:1028/api/cities/4/pointsofinterest/1",
					"protocol": "http",
					"host": [
						"localhost"
					],
					"port": "1028",
					"path": [
						"api",
						"cities",
						"4",
						"pointsofinterest",
						"1"
					]
				},
				"description": "Should return 404 NotFound"
			},
			"response": []
		},
		{
			"name": "GET Point of Interest (unexisting Point of Interest)",
			"request": {
				"method": "GET",
				"header": [],
				"url": {
					"raw": "http://localhost:1028/api/cities/1/pointsofinterest/10",
					"protocol": "http",
					"host": [
						"localhost"
					],
					"port": "1028",
					"path": [
						"api",
						"cities",
						"1",
						"pointsofinterest",
						"10"
					]
				},
				"description": "Should return 404 NotFound"
			},
			"response": []
		},
		{
			"name": "GET Cities (XML)",
			"request": {
				"method": "GET",
				"header": [
					{
						"key": "Accept",
						"value": "application/xml"
					}
				],
				"url": {
					"raw": "http://localhost:1028/api/cities",
					"protocol": "http",
					"host": [
						"localhost"
					],
					"port": "1028",
					"path": [
						"api",
						"cities"
					]
				}
			},
			"response": []
		},
		{
			"name": "POST Point of Interest",
			"request": {
				"method": "POST",
				"header": [
					{
						"key": "Content-Type",
						"value": "application/json"
					}
				],
				"body": {
					"mode": "raw",
					"raw": "{\n    \"name\": \"Père Lachaise\",\n    \"description\": \"Famous cemetery where Jim Morrison and Oscar Wilde are buried.\"\n}"
				},
				"url": {
					"raw": "http://localhost:1028/api/cities/3/pointsofinterest",
					"protocol": "http",
					"host": [
						"localhost"
					],
					"port": "1028",
					"path": [
						"api",
						"cities",
						"3",
						"pointsofinterest"
					]
				}
			},
			"response": []
		},
		{
			"name": "POST Point of Interest (can't deserialize)",
			"request": {
				"method": "POST",
				"header": [
					{
						"key": "Content-Type",
						"value": "application/json"
					}
				],
				"body": {
					"mode": "raw",
					"raw": ""
				},
				"url": {
					"raw": "http://localhost:1028/api/cities/3/pointsofinterest",
					"protocol": "http",
					"host": [
						"localhost"
					],
					"port": "1028",
					"path": [
						"api",
						"cities",
						"3",
						"pointsofinterest"
					]
				}
			},
			"response": []
		},
		{
			"name": "POST Point of Interest (missing name, long description)",
			"request": {
				"method": "POST",
				"header": [
					{
						"key": "Content-Type",
						"value": "application/json"
					}
				],
				"body": {
					"mode": "raw",
					"raw": "{\n    \"invalidProperty\": 1,\n    \"description\": \"Scallywag holystone landlubber or just lubber yardarm tackle Shiver me timbers cog heave down provost Admiral of the Black. Hornswaggle spanker man-of-war yo-ho-ho mutiny splice the main brace jack keelhaul fire ship Corsair. Bounty prow walk the plank lugsail port loot pirate bilge jib scuppers.  Sutler lee matey sloop plunder splice the main brace interloper Yellow Jack maroon quarter. Draft Privateer run a shot across the bow chandler gaff broadside Pirate Round jolly boat skysail bilge. Chandler mutiny careen execution dock splice the main brace bring a spring upon her cable lass run a rig grog blossom smartly.  Gangplank Davy Jones' Locker plunder overhaul draught pinnace blow the man down bring a spring upon her cable no prey, no pay keel. Gold Road gaff grapple sutler scurvy aft bilge come about coffer gunwalls. Scuttle list Davy Jones' Locker pinnace chase trysail draught Pirate Round Jolly Roger log.\"\n}\n"
				},
				"url": {
					"raw": "http://localhost:1028/api/cities/3/pointsofinterest",
					"protocol": "http",
					"host": [
						"localhost"
					],
					"port": "1028",
					"path": [
						"api",
						"cities",
						"3",
						"pointsofinterest"
					]
				}
			},
			"response": []
		},
		{
			"name": "POST Point of Interest (name == description)",
			"request": {
				"method": "POST",
				"header": [
					{
						"key": "Content-Type",
						"value": "application/json"
					}
				],
				"body": {
					"mode": "raw",
					"raw": "{\n    \"name\": \"Père Lachaise\",\n    \"description\": \"Père Lachaise\"\n}"
				},
				"url": {
					"raw": "http://localhost:1028/api/cities/3/pointsofinterest",
					"protocol": "http",
					"host": [
						"localhost"
					],
					"port": "1028",
					"path": [
						"api",
						"cities",
						"3",
						"pointsofinterest"
					]
				}
			},
			"response": []
		},
		{
			"name": "PUT Point of Interest",
			"request": {
				"method": "PUT",
				"header": [
					{
						"key": "Content-Type",
						"value": "application/json"
					}
				],
				"body": {
					"mode": "raw",
					"raw": "{\n    \"name\": \"Updated - Central Park\",\n    \"description\": \"Updated - The most visited urban park in the United States.\"\n}"
				},
				"url": {
					"raw": "http://localhost:1028/api/cities/1/pointsofinterest/1",
					"protocol": "http",
					"host": [
						"localhost"
					],
					"port": "1028",
					"path": [
						"api",
						"cities",
						"1",
						"pointsofinterest",
						"1"
					]
				}
			},
			"response": []
		},
		{
			"name": "PUT Point of Interest (no description)",
			"request": {
				"method": "PUT",
				"header": [
					{
						"key": "Content-Type",
						"value": "application/json"
					}
				],
				"body": {
					"mode": "raw",
					"raw": "{\n    \"name\": \"Updated again - Central Park\"\n}"
				},
				"url": {
					"raw": "http://localhost:1028/api/cities/1/pointsofinterest/1",
					"protocol": "http",
					"host": [
						"localhost"
					],
					"port": "1028",
					"path": [
						"api",
						"cities",
						"1",
						"pointsofinterest",
						"1"
					]
				}
			},
			"response": []
		},
		{
			"name": "PATCH Point of Interest",
			"request": {
				"method": "PATCH",
				"header": [
					{
						"key": "Content-Type",
						"value": "application/json"
					}
				],
				"body": {
					"mode": "raw",
					"raw": "[\n    {\n      \"op\": \"replace\",\n      \"path\": \"/name\",\n      \"value\": \"Updated - Central Park\"\n    }\n]"
				},
				"url": {
					"raw": "http://localhost:1028/api/cities/1/pointsofinterest/1",
					"protocol": "http",
					"host": [
						"localhost"
					],
					"port": "1028",
					"path": [
						"api",
						"cities",
						"1",
						"pointsofinterest",
						"1"
					]
				}
			},
			"response": []
		},
		{
			"name": "PATCH Point of Interest (update multiple)",
			"request": {
				"method": "PATCH",
				"header": [
					{
						"key": "Content-Type",
						"value": "application/json"
					}
				],
				"body": {
					"mode": "raw",
					"raw": "[\n    {\n      \"op\": \"replace\",\n      \"path\": \"/name\",\n      \"value\": \"Updated - Central Park\"\n    },\n    {\n      \"op\": \"replace\",\n      \"path\": \"/description\",\n      \"value\": \"Updated - Description\"\n    }\n]"
				},
				"url": {
					"raw": "http://localhost:1028/api/cities/1/pointsofinterest/1",
					"protocol": "http",
					"host": [
						"localhost"
					],
					"port": "1028",
					"path": [
						"api",
						"cities",
						"1",
						"pointsofinterest",
						"1"
					]
				}
			},
			"response": []
		},
		{
			"name": "PATCH Point of Interest (invalid property)",
			"request": {
				"method": "PATCH",
				"header": [
					{
						"key": "Content-Type",
						"value": "application/json"
					}
				],
				"body": {
					"mode": "raw",
					"raw": "[\n    {\n      \"op\": \"replace\",\n      \"path\": \"/invalidproperty\",\n      \"value\": \"Updated - Central Park\"\n    }\n]"
				},
				"url": {
					"raw": "http://localhost:1028/api/cities/1/pointsofinterest/1",
					"protocol": "http",
					"host": [
						"localhost"
					],
					"port": "1028",
					"path": [
						"api",
						"cities",
						"1",
						"pointsofinterest",
						"1"
					]
				}
			},
			"response": []
		},
		{
			"name": "PATCH Point of Interest (remove name)",
			"request": {
				"method": "PATCH",
				"header": [
					{
						"key": "Content-Type",
						"value": "application/json"
					}
				],
				"body": {
					"mode": "raw",
					"raw": "[\n    {\n      \"op\": \"remove\",\n      \"path\": \"/name\"\n    }\n]"
				},
				"url": {
					"raw": "http://localhost:1028/api/cities/1/pointsofinterest/1",
					"protocol": "http",
					"host": [
						"localhost"
					],
					"port": "1028",
					"path": [
						"api",
						"cities",
						"1",
						"pointsofinterest",
						"1"
					]
				}
			},
			"response": []
		},
		{
			"name": "PATCH Point of Interest (update multiple, same value)",
			"request": {
				"method": "PATCH",
				"header": [
					{
						"key": "Content-Type",
						"value": "application/json"
					}
				],
				"body": {
					"mode": "raw",
					"raw": "[\n    {\n      \"op\": \"replace\",\n      \"path\": \"/name\",\n      \"value\": \"Updated - Central Park\"\n    },\n    {\n      \"op\": \"replace\",\n      \"path\": \"/description\",\n      \"value\": \"Updated - Central Park\"\n    }\n]"
				},
				"url": {
					"raw": "http://localhost:1028/api/cities/1/pointsofinterest/1",
					"protocol": "http",
					"host": [
						"localhost"
					],
					"port": "1028",
					"path": [
						"api",
						"cities",
						"1",
						"pointsofinterest",
						"1"
					]
				}
			},
			"response": []
		},
		{
			"name": "DELETE Point of Interest",
			"request": {
				"method": "DELETE",
				"header": [],
				"body": {
					"mode": "raw",
					"raw": ""
				},
				"url": {
					"raw": "http://localhost:1028/api/cities/1/pointsofinterest/1",
					"protocol": "http",
					"host": [
						"localhost"
					],
					"port": "1028",
					"path": [
						"api",
						"cities",
						"1",
						"pointsofinterest",
						"1"
					]
				}
			},
			"response": []
		},
		{
			"name": "GET Points of Interest",
			"request": {
				"method": "GET",
				"header": [],
				"url": {
					"raw": "http://localhost:1028/api/cities/1/pointsofinterest",
					"protocol": "http",
					"host": [
						"localhost"
					],
					"port": "1028",
					"path": [
						"api",
						"cities",
						"1",
						"pointsofinterest"
					]
				}
			},
			"response": []
		},
		{
			"name": "Test database",
			"request": {
				"method": "GET",
				"header": [],
				"url": {
					"raw": "http://localhost:1028/api/testdatabase",
					"protocol": "http",
					"host": [
						"localhost"
					],
					"port": "1028",
					"path": [
						"api",
						"testdatabase"
					]
				}
			},
			"response": []
		}
	],
	"protocolProfileBehavior": {}
}